date,sales_clean,onpromotion,oil_price
2013-01-01,0.0,0,93.14
2013-01-02,2652.0,0,93.14
2013-01-03,2121.0,0,92.97
2013-01-04,2056.0,0,93.12
2013-01-05,2216.0,0,93.14666666666668
2013-01-06,723.0,0,93.17333333333333
2013-01-07,2262.0,0,93.2
2013-01-08,1782.0,0,93.21
2013-01-09,2429.0,0,93.08
2013-01-10,1544.0,0,93.81
2013-01-11,1750.0,0,93.6
2013-01-12,1796.0,0,93.82333333333332
2013-01-13,961.0,0,94.04666666666667
2013-01-14,1902.0,0,94.27
2013-01-15,1671.0,0,93.26
2013-01-16,2387.0,0,94.28
2013-01-17,1648.0,0,95.49
2013-01-18,1804.0,0,95.61
2013-01-19,1956.0,0,95.73
2013-01-20,895.0,0,95.85
2013-01-21,1679.0,0,95.97
2013-01-22,1809.0,0,96.09
2013-01-23,2271.0,0,95.06
2013-01-24,1868.0,0,95.35
2013-01-25,1706.0,0,95.15
2013-01-26,1775.0,0,95.41666666666667
2013-01-27,811.0,0,95.68333333333334
2013-01-28,1695.0,0,95.95
2013-01-29,1575.0,0,97.62
2013-01-30,2157.0,0,97.98
2013-01-31,1496.0,0,97.65
2013-02-01,1808.0,0,97.46
2013-02-02,2092.0,0,97.04333333333332
2013-02-03,810.0,0,96.62666666666667
2013-02-04,2221.0,0,96.21
2013-02-05,1868.0,0,96.68
2013-02-06,2056.0,0,96.44
2013-02-07,1474.0,0,95.84
2013-02-08,1767.0,0,95.71
2013-02-09,1552.0,0,96.14333333333333
2013-02-10,710.25,0,96.57666666666667
2013-02-11,458.0,0,97.01
2013-02-12,628.0,0,97.48
2013-02-13,2422.0,0,97.03
2013-02-14,1743.0,0,97.3
2013-02-15,1713.0,0,95.95
2013-02-16,2046.0,0,96.135
2013-02-17,710.25,0,96.32
2013-02-18,1799.0,0,96.505
2013-02-19,1923.0,0,96.69
2013-02-20,2246.0,0,94.92
2013-02-21,2023.0,0,92.79
2013-02-22,1741.0,0,93.12
2013-02-23,1851.0,0,92.99333333333334
2013-02-24,782.0,0,92.86666666666666
2013-02-25,1897.0,0,92.74
2013-02-26,1671.0,0,92.63
2013-02-27,2174.0,0,92.84
2013-02-28,1667.0,0,92.03
2013-03-01,1930.0,0,90.71
2013-03-02,1980.0,0,90.51666666666667
2013-03-03,914.0,0,90.32333333333332
2013-03-04,2299.0,0,90.13
2013-03-05,1746.0,0,90.88
2013-03-06,2475.0,0,90.47
2013-03-07,1720.0,0,91.53
2013-03-08,1893.0,0,92.01
2013-03-09,1972.0,0,92.03
2013-03-10,854.0,0,92.05
2013-03-11,1809.0,0,92.07
2013-03-12,1808.0,0,92.44
2013-03-13,2010.0,0,92.47
2013-03-14,1685.0,0,93.03
2013-03-15,1760.0,0,93.49
2013-03-16,2082.0,0,93.56333333333333
2013-03-17,745.0,0,93.63666666666666
2013-03-18,1830.0,0,93.71
2013-03-19,1813.0,0,92.44
2013-03-20,2200.0,0,93.21
2013-03-21,1791.0,0,92.46
2013-03-22,1981.0,0,93.41
2013-03-23,1953.0,0,93.78999999999999
2013-03-24,725.0,0,94.17
2013-03-25,1918.0,0,94.55
2013-03-26,1768.0,0,95.99
2013-03-27,2208.0,0,96.53
2013-03-28,1875.0,0,97.24
2013-03-29,710.25,0,97.205
2013-03-30,1609.0,0,97.16999999999999
2013-03-31,747.0,0,97.13499999999999
2013-04-01,2322.0,0,97.1
2013-04-02,2133.0,0,97.23
2013-04-03,2666.0,0,95.02
2013-04-04,1785.0,0,93.26
2013-04-05,1950.0,0,92.76
2013-04-06,1932.0,0,92.96000000000001
2013-04-07,796.0,0,93.16
2013-04-08,1855.0,0,93.36
2013-04-09,1675.0,0,94.18
2013-04-10,2466.0,0,94.59
2013-04-11,1645.0,0,93.44
2013-04-12,1965.0,0,91.23
2013-04-13,1853.0,0,90.40333333333334
2013-04-14,735.0,0,89.57666666666667
2013-04-15,1871.0,0,88.75
2013-04-16,1997.0,0,88.73
2013-04-17,2320.0,0,86.65
2013-04-18,1814.0,0,87.83
2013-04-19,1709.0,0,88.04
2013-04-20,1965.0,0,88.29666666666667
2013-04-21,925.0,0,88.55333333333334
2013-04-22,1848.0,0,88.81
2013-04-23,1906.0,0,89.21
2013-04-24,3002.0,0,91.07
2013-04-25,1513.0,0,93.27
2013-04-26,1894.0,0,92.63
2013-04-27,1848.0,0,93.11666666666666
2013-04-28,813.0,0,93.60333333333334
2013-04-29,1579.0,0,94.09
2013-04-30,1872.0,0,93.22
2013-05-01,966.0,0,90.74
2013-05-02,1988.0,0,93.7
2013-05-03,2321.0,0,95.25
2013-05-04,2091.0,0,95.43333333333334
2013-05-05,1020.0,0,95.61666666666666
2013-05-06,2162.0,0,95.8
2013-05-07,1938.0,0,95.28
2013-05-08,2395.0,0,96.24
2013-05-09,1746.0,0,96.09
2013-05-10,1929.0,0,95.81
2013-05-11,2244.0,0,95.46000000000001
2013-05-12,674.0,0,95.11
2013-05-13,1990.0,0,94.76
2013-05-14,2006.0,0,93.96
2013-05-15,2109.0,0,93.95
2013-05-16,1902.0,0,94.85
2013-05-17,1988.0,0,95.72
2013-05-18,2135.0,0,95.91
2013-05-19,764.0,0,96.10000000000001
2013-05-20,1949.0,0,96.29
2013-05-21,1916.0,0,95.55
2013-05-22,2098.0,0,93.98
2013-05-23,1926.0,0,94.12
2013-05-24,650.0,0,93.84
2013-05-25,1527.0,0,94.0425
2013-05-26,710.25,0,94.245
2013-05-27,1825.0,0,94.4475
2013-05-28,1944.0,0,94.65
2013-05-29,2590.0,0,93.13
2013-05-30,1796.0,0,93.57
2013-05-31,2111.0,0,91.93
2013-06-01,2252.0,0,92.42333333333333
2013-06-02,710.25,0,92.91666666666667
2013-06-03,2403.0,0,93.41
2013-06-04,2231.0,0,93.36
2013-06-05,2677.0,0,93.66
2013-06-06,2060.0,0,94.71
2013-06-07,2144.0,0,96.11
2013-06-08,2054.0,0,96.01333333333334
2013-06-09,882.0,0,95.91666666666666
2013-06-10,2012.0,0,95.82
2013-06-11,1967.0,0,95.5
2013-06-12,2220.0,0,95.98
2013-06-13,1589.0,0,96.66
2013-06-14,2105.0,0,97.83
2013-06-15,1844.0,0,97.84
2013-06-16,710.25,0,97.85
2013-06-17,2105.0,0,97.86
2013-06-18,1912.0,0,98.46
2013-06-19,2834.0,0,98.24
2013-06-20,1769.0,0,94.89
2013-06-21,1763.0,0,93.81
2013-06-22,1776.0,0,94.23
2013-06-23,834.0,0,94.64999999999999
2013-06-24,1884.0,0,95.07
2013-06-25,2127.0,0,95.25
2013-06-26,2227.0,0,95.47
2013-06-27,1727.0,0,97.0
2013-06-28,1994.0,0,96.36
2013-06-29,1926.0,0,96.88666666666667
2013-06-30,774.0,0,97.41333333333333
2013-07-01,2235.0,0,97.94
2013-07-02,2083.0,0,99.65
2013-07-03,2587.0,0,101.92
2013-07-04,1884.0,0,102.505
2013-07-05,2052.0,0,103.09
2013-07-06,1768.0,0,103.07000000000001
2013-07-07,864.0,0,103.05
2013-07-08,2116.0,0,103.03
2013-07-09,1926.0,0,103.46
2013-07-10,2609.0,0,106.41
2013-07-11,1735.0,0,104.77
2013-07-12,1990.0,0,105.85
2013-07-13,1950.0,0,105.96666666666667
2013-07-14,710.25,0,106.08333333333333
2013-07-15,2100.0,0,106.2
2013-07-16,2357.0,0,105.88
2013-07-17,2154.0,0,106.39
2013-07-18,1826.0,0,107.94
2013-07-19,1895.0,0,108.0
2013-07-20,1840.0,0,107.53666666666666
2013-07-21,735.0,0,107.07333333333334
2013-07-22,1824.0,0,106.61
2013-07-23,2225.0,0,107.13
2013-07-24,2004.0,0,105.41
2013-07-25,1849.0,0,105.47
2013-07-26,1912.0,0,104.76
2013-07-27,1768.0,0,104.71000000000001
2013-07-28,710.25,0,104.66
2013-07-29,2155.0,0,104.61
2013-07-30,1673.0,0,103.14
2013-07-31,2232.0,0,105.1
2013-08-01,2453.0,0,107.93
2013-08-02,1836.0,0,106.94
2013-08-03,2038.0,0,106.83
2013-08-04,710.25,0,106.72
2013-08-05,2219.0,0,106.61
2013-08-06,1903.0,0,105.32
2013-08-07,2155.0,0,104.41
2013-08-08,1658.0,0,103.45
2013-08-09,2039.0,0,106.04
2013-08-10,1315.0,0,106.09
2013-08-11,710.25,0,106.14
2013-08-12,2121.0,0,106.19
2013-08-13,1752.0,0,106.78
2013-08-14,2157.0,0,106.89
2013-08-15,1811.0,0,107.43
2013-08-16,1898.0,0,107.58
2013-08-17,1801.0,0,107.43333333333334
2013-08-18,710.25,0,107.28666666666666
2013-08-19,1743.0,0,107.14
2013-08-20,1817.0,0,104.9
2013-08-21,2154.0,0,103.93
2013-08-22,1676.0,0,104.93
2013-08-23,2032.0,0,106.48
2013-08-24,1667.0,0,106.28
2013-08-25,813.0,0,106.08
2013-08-26,1863.0,0,105.88
2013-08-27,2118.0,0,109.11
2013-08-28,2231.0,0,110.17
2013-08-29,1723.0,0,108.51
2013-08-30,1943.0,0,107.98
2013-08-31,1897.0,0,108.1525
2013-09-01,992.0,0,108.325
2013-09-02,1952.0,0,108.4975
2013-09-03,1885.0,0,108.67
2013-09-04,2460.0,0,107.29
2013-09-05,1809.0,0,108.5
2013-09-06,2050.0,0,110.62
2013-09-07,2002.0,0,110.28666666666668
2013-09-08,888.0,0,109.95333333333333
2013-09-09,1964.0,0,109.62
2013-09-10,1748.0,0,107.48
2013-09-11,2356.0,0,107.65
2013-09-12,2145.0,0,108.72
2013-09-13,2184.0,0,108.31
2013-09-14,1834.0,0,107.72
2013-09-15,977.0,0,107.13000000000001
2013-09-16,2054.0,0,106.54
2013-09-17,1783.0,0,105.36
2013-09-18,2054.0,0,108.23
2013-09-19,1837.0,0,106.26
2013-09-20,1720.0,0,104.7
2013-09-21,2017.0,0,104.34
2013-09-22,779.0,0,103.98
2013-09-23,1935.0,0,103.62
2013-09-24,1992.0,0,103.22
2013-09-25,2248.0,0,102.68
2013-09-26,1721.0,0,103.1
2013-09-27,1932.0,0,102.86
2013-09-28,1821.0,0,102.69333333333333
2013-09-29,977.0,0,102.52666666666667
2013-09-30,1989.0,0,102.36
2013-10-01,2820.0,0,102.09
2013-10-02,2731.0,0,104.15
2013-10-03,1929.0,0,103.29
2013-10-04,2192.0,0,103.83
2013-10-05,1934.0,0,103.57666666666667
2013-10-06,914.0,0,103.32333333333332
2013-10-07,2124.0,0,103.07
2013-10-08,2189.0,0,103.54
2013-10-09,2289.0,0,101.63
2013-10-10,1898.0,0,103.08
2013-10-11,1239.0,0,102.17
2013-10-12,1428.0,0,102.26666666666667
2013-10-13,850.0,0,102.36333333333333
2013-10-14,2031.0,0,102.46
2013-10-15,2082.0,0,101.15
2013-10-16,2155.0,0,102.34
2013-10-17,2129.0,0,100.72
2013-10-18,2014.0,0,100.87
2013-10-19,2082.0,0,100.34
2013-10-20,946.0,0,99.81
2013-10-21,2094.0,0,99.28
2013-10-22,2416.0,0,97.63
2013-10-23,2437.0,0,96.9
2013-10-24,1767.0,0,96.65
2013-10-25,1946.0,0,97.4
2013-10-26,1965.0,0,97.84666666666666
2013-10-27,1027.0,0,98.29333333333334
2013-10-28,2046.0,0,98.74
2013-10-29,2231.0,0,98.29
2013-10-30,2374.0,0,96.81
2013-10-31,1833.0,0,96.29
2013-11-01,2256.0,0,94.56
2013-11-02,1894.0,0,94.56666666666666
2013-11-03,996.0,0,94.57333333333334
2013-11-04,2327.0,0,94.58
2013-11-05,2364.0,0,93.4
2013-11-06,2458.0,0,94.74
2013-11-07,1936.0,0,94.25
2013-11-08,2149.0,0,94.56
2013-11-09,2040.0,0,94.75
2013-11-10,968.0,0,94.94
2013-11-11,2097.0,0,95.13
2013-11-12,1955.0,0,93.12
2013-11-13,2910.0,0,93.91
2013-11-14,2133.0,0,93.76
2013-11-15,1848.0,0,93.8
2013-11-16,1976.0,0,93.54333333333334
2013-11-17,800.0,0,93.28666666666666
2013-11-18,2179.0,0,93.03
2013-11-19,2471.0,0,93.35
2013-11-20,2530.0,0,93.34
2013-11-21,1938.0,0,95.35
2013-11-22,2108.0,0,94.53
2013-11-23,1939.0,0,94.30666666666667
2013-11-24,790.0,0,94.08333333333333
2013-11-25,2492.0,0,93.86
2013-11-26,2138.0,0,93.41
2013-11-27,2454.0,0,92.05
2013-11-28,1852.0,0,92.3
2013-11-29,1931.0,0,92.55
2013-11-30,2071.0,0,92.90333333333334
2013-12-01,1034.0,0,93.25666666666666
2013-12-02,2285.0,0,93.61
2013-12-03,2400.0,0,95.83
2013-12-04,3812.25,0,96.97
2013-12-05,2025.0,0,97.14
2013-12-06,817.0,0,97.48
2013-12-07,1815.0,0,97.35333333333334
2013-12-08,921.0,0,97.22666666666666
2013-12-09,2347.0,0,97.1
2013-12-10,2835.0,0,98.32
2013-12-11,3812.25,0,97.25
2013-12-12,3660.0,0,97.21
2013-12-13,2546.0,0,96.27
2013-12-14,2331.0,0,96.57333333333334
2013-12-15,1167.0,0,96.87666666666667
2013-12-16,2679.0,0,97.18
2013-12-17,2713.0,0,96.99
2013-12-18,3702.0,0,97.59
2013-12-19,3030.0,0,98.4
2013-12-20,3812.25,0,99.11
2013-12-21,2916.0,0,98.94666666666667
2013-12-22,2136.0,0,98.78333333333333
2013-12-23,4367.0,0,98.62
2013-12-24,3036.0,0,98.87
2013-12-26,2052.0,0,99.18
2013-12-27,2152.0,0,99.94
2013-12-28,1323.0,0,99.59333333333333
2013-12-29,710.25,0,99.24666666666667
2013-12-30,1485.0,0,98.9
2013-12-31,1490.0,0,98.17
2014-01-01,0.0,0,96.655
2014-01-02,2441.0,0,95.14
2014-01-03,2117.0,0,93.66
2014-01-04,2233.0,0,93.48
2014-01-05,960.0,0,93.3
2014-01-06,2157.0,0,93.12
2014-01-07,2077.0,0,93.31
2014-01-08,2728.0,0,91.9
2014-01-09,2059.0,0,91.36
2014-01-10,1984.0,0,92.39
2014-01-11,2100.0,0,92.07666666666667
2014-01-12,893.0,0,91.76333333333334
2014-01-13,2140.0,0,91.45
2014-01-14,1980.0,0,92.15
2014-01-15,2774.0,0,93.78
2014-01-16,1766.0,0,93.54
2014-01-17,2018.0,0,93.96
2014-01-18,2026.0,0,94.0975
2014-01-19,924.0,0,94.235
2014-01-20,2013.0,0,94.3725
2014-01-21,2290.0,0,94.51
2014-01-22,2370.0,0,96.35
2014-01-23,1897.0,0,97.23
2014-01-24,2183.0,0,96.66
2014-01-25,1779.0,0,96.38
2014-01-26,1013.0,0,96.1
2014-01-27,2085.0,0,95.82
2014-01-28,1948.0,0,97.49
2014-01-29,2514.0,0,97.34
2014-01-30,1719.0,0,98.25
2014-01-31,2059.0,0,97.55
2014-02-01,2299.0,0,97.17999999999999
2014-02-02,899.0,0,96.81
2014-02-03,2175.0,0,96.44
2014-02-04,1917.0,0,97.24
2014-02-05,2888.0,0,97.4
2014-02-06,1923.0,0,97.84
2014-02-07,1985.0,0,99.98
2014-02-08,1913.0,0,100.02666666666667
2014-02-09,838.0,0,100.07333333333334
2014-02-10,2165.0,0,100.12
2014-02-11,2240.0,0,99.96
2014-02-12,2656.0,0,100.38
2014-02-13,1904.0,0,100.27
2014-02-14,2107.0,0,100.31
2014-02-15,2215.0,0,100.8675
2014-02-16,1015.0,0,101.42500000000001
2014-02-17,2023.0,0,101.9825
2014-02-18,2425.0,0,102.54
2014-02-19,2319.0,0,103.46
2014-02-20,1931.0,0,103.2
2014-02-21,1942.0,0,102.53
2014-02-22,2088.0,0,102.74333333333334
2014-02-23,784.0,0,102.95666666666666
2014-02-24,2187.0,0,103.17
2014-02-25,2012.0,0,102.2
2014-02-26,2140.0,0,102.93
2014-02-27,1649.0,0,102.68
2014-02-28,2002.0,0,102.88
2014-03-01,1845.0,0,103.7
2014-03-02,710.25,0,104.52
2014-03-03,558.0,0,105.34
2014-03-04,740.0,0,103.64
2014-03-05,2750.0,0,101.75
2014-03-06,2342.0,0,101.82
2014-03-07,2979.0,0,102.82
2014-03-08,2136.0,0,102.34333333333333
2014-03-09,1129.0,0,101.86666666666666
2014-03-10,2265.0,0,101.39
2014-03-11,2125.0,0,100.29
2014-03-12,2717.0,0,98.29
2014-03-13,1864.0,0,98.57
2014-03-14,1932.0,0,99.23
2014-03-15,1928.0,0,98.96333333333334
2014-03-16,1295.0,0,98.69666666666667
2014-03-17,2029.0,0,98.43
2014-03-18,2295.0,0,100.08
2014-03-19,2412.0,0,100.71
2014-03-20,1854.0,0,99.68
2014-03-21,2218.0,0,99.97
2014-03-22,2289.0,0,99.99666666666667
2014-03-23,916.0,0,100.02333333333333
2014-03-24,1991.0,0,100.05
2014-03-25,2085.0,0,99.66
2014-03-26,2317.0,0,100.61
2014-03-27,1772.0,0,101.25
2014-03-28,2068.0,0,101.73
2014-03-29,2272.0,0,101.67666666666666
2014-03-30,978.0,0,101.62333333333333
2014-03-31,2272.0,0,101.57
2014-04-01,2471.0,0,99.69
2014-04-02,2685.0,0,99.6
2014-04-03,1904.0,0,100.29
2014-04-04,2855.0,0,101.16
2014-04-05,2251.0,0,100.91666666666667
2014-04-06,1125.0,0,100.67333333333333
2014-04-07,2336.0,0,100.43
2014-04-08,1791.0,0,102.57
2014-04-09,2449.0,0,103.55
2014-04-10,1960.0,0,103.37
2014-04-11,1777.0,0,103.68
2014-04-12,2032.0,0,103.80333333333334
2014-04-13,858.0,0,103.92666666666666
2014-04-14,2009.0,0,104.05
2014-04-15,2178.0,0,103.7
2014-04-16,2619.0,0,103.71
2014-04-17,1853.0,0,104.33
2014-04-18,831.0,0,104.335
2014-04-19,1399.0,0,104.34
2014-04-20,973.0,0,104.345
2014-04-21,2057.0,0,104.35
2014-04-22,1848.0,0,101.69
2014-04-23,3733.0,0,101.47
2014-04-24,2031.0,0,102.2
2014-04-25,1967.0,0,100.85
2014-04-26,2196.0,0,100.94333333333333
2014-04-27,815.0,0,101.03666666666666
2014-04-28,2081.0,0,101.13
2014-04-29,1960.0,0,101.56
2014-04-30,2515.0,0,100.07
2014-05-01,831.0,0,99.69
2014-05-02,2343.0,0,100.09
2014-05-03,2544.0,0,99.97333333333333
2014-05-04,915.0,0,99.85666666666667
2014-05-05,1634.0,0,99.74
2014-05-06,3046.0,0,99.81
2014-05-07,2553.0,0,101.06
2014-05-08,1926.0,0,100.52
2014-05-09,2282.0,0,100.32
2014-05-10,2440.0,0,100.50999999999999
2014-05-11,904.0,0,100.7
2014-05-12,2185.0,0,100.89
2014-05-13,2449.0,0,102.01
2014-05-14,2316.0,0,102.63
2014-05-15,1939.0,0,101.74
2014-05-16,2182.0,0,102.31
2014-05-17,2098.0,0,102.52333333333334
2014-05-18,965.0,0,102.73666666666666
2014-05-19,2328.0,0,102.95
2014-05-20,2376.0,0,102.8
2014-05-21,2367.0,0,104.31
2014-05-22,2005.0,0,104.03
2014-05-23,1858.0,0,105.01
2014-05-24,1982.0,0,104.9525
2014-05-25,765.0,0,104.89500000000001
2014-05-26,2052.0,0,104.8375
2014-05-27,1715.0,0,104.78
2014-05-28,2506.0,0,103.37
2014-05-29,1896.0,0,104.26
2014-05-30,3068.0,0,103.4
2014-05-31,2030.0,0,103.29
2014-06-01,1033.0,0,103.17999999999999
2014-06-02,2584.0,0,103.07
2014-06-03,2323.0,0,103.34
2014-06-04,2562.0,0,103.27
2014-06-05,2259.0,0,103.17
2014-06-06,2478.0,0,103.32
2014-06-07,2055.0,0,103.91
2014-06-08,851.0,0,104.5
2014-06-09,2193.0,0,105.09
2014-06-10,2186.0,0,105.02
2014-06-11,2434.0,0,105.04
2014-06-12,1749.0,0,107.2
2014-06-13,2075.0,0,107.49
2014-06-14,2394.0,0,107.5
2014-06-15,2327.5,0,107.50999999999999
2014-06-16,2261.0,0,107.52
2014-06-17,1858.0,0,106.95
2014-06-18,2236.0,0,106.64
2014-06-19,1880.0,0,107.08
2014-06-20,2283.0,0,107.95
2014-06-21,2158.0,0,107.57666666666667
2014-06-22,870.0,0,107.20333333333333
2014-06-23,2249.0,0,106.83
2014-06-24,2014.0,0,106.64
2014-06-25,2336.0,0,107.04
2014-06-26,1902.0,0,106.49
2014-06-27,2897.0,0,106.46
2014-06-28,2155.0,0,106.33
2014-06-29,816.0,0,106.19999999999999
2014-06-30,2191.0,0,106.07
2014-07-01,2327.0,2,106.06
2014-07-02,3392.0,2,105.18
2014-07-03,2165.0,3,104.76
2014-07-04,2640.0,2,104.6175
2014-07-05,1779.0,2,104.475
2014-07-06,991.0,1,104.3325
2014-07-07,2383.0,2,104.19
2014-07-08,2126.0,2,104.06
2014-07-09,2467.0,4,102.93
2014-07-10,2098.0,2,103.61
2014-07-11,2191.0,2,101.48
2014-07-12,2011.0,4,101.56333333333333
2014-07-13,932.0,1,101.64666666666668
2014-07-14,2252.0,3,101.73
2014-07-15,1976.0,3,100.56
2014-07-16,2470.0,2,101.88
2014-07-17,1893.0,2,103.84
2014-07-18,2251.0,3,103.83
2014-07-19,2128.0,4,104.33333333333333
2014-07-20,865.0,3,104.83666666666667
2014-07-21,2139.0,1,105.34
2014-07-22,2342.0,2,104.59
2014-07-23,2179.0,3,103.81
2014-07-24,1746.0,5,102.76
2014-07-25,1779.0,2,105.23
2014-07-26,1821.0,5,105.38000000000001
2014-07-27,817.0,1,105.53
2014-07-28,2076.0,4,105.68
2014-07-29,2031.0,3,104.91
2014-07-30,2090.0,5,104.29
2014-07-31,2091.0,7,98.23
2014-08-01,2387.0,5,97.86
2014-08-02,1920.0,5,97.99333333333334
2014-08-03,884.0,2,98.12666666666667
2014-08-04,2329.0,3,98.26
2014-08-05,2179.0,3,97.34
2014-08-06,2257.0,8,96.93
2014-08-07,1725.0,3,97.34
2014-08-08,2189.0,3,97.61
2014-08-09,1752.0,8,97.77
2014-08-10,823.0,6,97.93
2014-08-11,2096.0,6,98.09
2014-08-12,1817.0,3,97.36
2014-08-13,2451.0,5,97.57
2014-08-14,2065.0,6,95.54
2014-08-15,2079.0,4,97.3
2014-08-16,2009.0,3,97.01333333333334
2014-08-17,907.0,6,96.72666666666666
2014-08-18,2046.0,5,96.44
2014-08-19,1874.0,4,94.35
2014-08-20,2345.0,6,96.4
2014-08-21,2007.0,5,93.97
2014-08-22,2125.0,2,93.61
2014-08-23,1996.0,4,94.20333333333333
2014-08-24,818.0,3,94.79666666666667
2014-08-25,2002.0,6,95.39
2014-08-26,1958.0,6,95.78
2014-08-27,2355.0,8,95.82
2014-08-28,1588.0,3,96.44
2014-08-29,2274.0,3,97.86
2014-08-30,2200.0,1,96.625
2014-08-31,1085.0,1,95.39
2014-09-01,2401.0,2,94.155
2014-09-02,2456.0,3,92.92
2014-09-03,2507.0,3,95.5
2014-09-04,2020.0,3,94.51
2014-09-05,2360.0,6,93.32
2014-09-06,2145.0,4,93.09333333333333
2014-09-07,1079.0,2,92.86666666666666
2014-09-08,2430.0,1,92.64
2014-09-09,2562.0,5,92.73
2014-09-10,2398.0,2,91.71
2014-09-11,2333.0,4,92.89
2014-09-12,2102.0,3,92.18
2014-09-13,2042.0,3,92.40666666666667
2014-09-14,1079.0,0,92.63333333333334
2014-09-15,1962.0,3,92.86
2014-09-16,2445.0,4,94.91
2014-09-17,2302.0,4,94.33
2014-09-18,1979.0,2,93.07
2014-09-19,1994.0,2,92.43
2014-09-20,2208.0,4,92.10666666666667
2014-09-21,1104.0,0,91.78333333333333
2014-09-22,2048.0,4,91.46
2014-09-23,1958.0,3,91.55
2014-09-24,2698.0,4,93.6
2014-09-25,2062.0,1,93.59
2014-09-26,2095.0,0,95.55
2014-09-27,2272.0,0,95.21
2014-09-28,980.0,0,94.87
2014-09-29,2095.0,2,94.53
2014-09-30,2063.0,1,91.17
2014-10-01,2769.0,3,90.74
2014-10-02,2408.0,0,91.02
2014-10-03,3414.0,3,89.76
2014-10-04,2419.0,3,89.95
2014-10-05,1070.0,2,90.14
2014-10-06,2198.0,6,90.33
2014-10-07,2050.0,5,88.89
2014-10-08,2601.0,2,87.29
2014-10-09,1973.0,2,85.76
2014-10-10,1031.0,2,85.87
2014-10-11,1935.0,3,85.82333333333334
2014-10-12,756.0,0,85.77666666666667
2014-10-13,2180.0,0,85.73
2014-10-14,2403.0,3,81.72
2014-10-15,2386.0,0,81.82
2014-10-16,2124.0,3,82.33
2014-10-17,2182.0,1,82.8
2014-10-18,2385.0,0,82.78666666666666
2014-10-19,1173.0,0,82.77333333333334
2014-10-20,2107.0,1,82.76
2014-10-21,2051.0,4,83.25
2014-10-22,2600.0,3,80.52
2014-10-23,1880.0,2,82.81
2014-10-24,2181.0,4,81.27
2014-10-25,2226.0,3,81.26666666666667
2014-10-26,1174.0,1,81.26333333333334
2014-10-27,2086.0,4,81.26
2014-10-28,1768.0,3,81.36
2014-10-29,2428.0,6,82.25
2014-10-30,2227.0,2,81.06
2014-10-31,3094.0,4,80.53
2014-11-01,1856.0,2,79.94333333333333
2014-11-02,715.0,4,79.35666666666667
2014-11-03,983.0,1,78.77
2014-11-04,2467.0,6,77.15
2014-11-05,3236.0,5,78.71
2014-11-06,2264.0,2,77.87
2014-11-07,2405.0,4,78.71
2014-11-08,2274.0,2,78.28333333333333
2014-11-09,925.0,3,77.85666666666667
2014-11-10,2003.0,5,77.43
2014-11-11,2410.0,5,77.85
2014-11-12,2452.0,8,77.16
2014-11-13,2112.0,3,74.13
2014-11-14,2109.0,8,75.91
2014-11-15,2256.0,6,75.82
2014-11-16,1326.0,10,75.73
2014-11-17,2171.0,6,75.64
2014-11-18,2987.0,3,74.55
2014-11-19,2744.0,6,74.55
2014-11-20,2112.0,9,75.63
2014-11-21,2192.0,9,76.52
2014-11-22,2287.0,4,76.25999999999999
2014-11-23,1088.0,5,76.0
2014-11-24,2189.0,5,75.74
2014-11-25,2042.0,10,74.04
2014-11-26,2674.0,8,73.7
2014-11-27,1882.0,5,69.82
2014-11-28,2212.0,7,65.94
2014-11-29,2233.0,3,66.95333333333333
2014-11-30,1095.0,2,67.96666666666667
2014-12-01,2683.0,7,68.98
2014-12-02,2392.0,10,66.99
2014-12-03,2955.0,9,67.3
2014-12-04,2845.0,4,66.73
2014-12-05,2228.0,7,65.89
2014-12-06,1936.0,7,64.97
2014-12-07,1102.0,8,64.05
2014-12-08,2599.0,2,63.13
2014-12-09,3092.0,7,63.74
2014-12-10,3812.25,7,60.99
2014-12-11,2739.0,9,60.01
2014-12-12,2507.0,3,57.81
2014-12-13,2560.0,9,57.193333333333335
2014-12-14,1282.0,13,56.57666666666667
2014-12-15,3075.0,3,55.96
2014-12-16,3404.0,6,55.97
2014-12-17,3498.0,4,56.43
2014-12-18,3428.0,7,54.18
2014-12-19,3130.0,5,56.91
2014-12-20,3201.0,3,56.35666666666666
2014-12-21,1803.0,10,55.803333333333335
2014-12-22,3305.0,7,55.25
2014-12-23,3231.0,14,56.78
2014-12-24,2958.0,6,55.7
2014-12-26,2450.0,11,54.59
2014-12-27,1310.0,14,54.21333333333334
2014-12-28,710.25,3,53.836666666666666
2014-12-29,1877.0,14,53.46
2014-12-30,2386.0,6,54.14
2014-12-31,2068.0,10,53.45
2015-01-01,0.0,0,53.085
2015-01-02,1418.0,9,52.72
2015-01-03,1869.0,9,51.83
2015-01-04,1020.0,19,50.94
2015-01-05,2914.0,16,50.05
2015-01-06,2233.0,12,47.98
2015-01-07,2912.0,14,48.69
2015-01-08,2178.0,3,48.8
2015-01-09,2244.0,5,48.35
2015-01-10,2475.0,2,47.586666666666666
2015-01-11,1042.0,0,46.82333333333334
2015-01-12,2330.0,10,46.06
2015-01-13,2338.0,5,45.92
2015-01-14,2530.0,15,48.49
2015-01-15,1726.0,0,46.37
2015-01-16,2209.0,2,48.49
2015-01-17,2324.0,1,48.065
2015-01-18,1005.0,0,47.64
2015-01-19,2554.0,3,47.215
2015-01-20,2104.0,1,46.79
2015-01-21,2557.0,1,47.85
2015-01-22,2297.0,0,45.93
2015-01-23,2158.0,2,45.26
2015-01-24,2191.0,0,45.10666666666666
2015-01-25,876.0,0,44.95333333333333
2015-01-26,2208.0,1,44.8
2015-01-27,2142.0,1,45.84
2015-01-28,2531.0,0,44.08
2015-01-29,2324.0,5,44.12
2015-01-30,3186.0,5,47.79
2015-01-31,2343.0,3,48.276666666666664
2015-02-01,1140.0,4,48.763333333333335
2015-02-02,3009.0,7,49.25
2015-02-03,2487.0,6,53.04
2015-02-04,2657.0,6,48.45
2015-02-05,1923.0,3,50.48
2015-02-06,2392.0,14,51.66
2015-02-07,2266.0,4,52.10333333333333
2015-02-08,1049.0,0,52.54666666666667
2015-02-09,2328.0,3,52.99
2015-02-10,2382.0,3,50.06
2015-02-11,2447.0,4,48.8
2015-02-12,2193.0,3,51.17
2015-02-13,2353.0,3,52.66
2015-02-14,1642.0,1,52.885
2015-02-15,710.25,2,53.11
2015-02-16,616.0,1,53.335
2015-02-17,597.0,4,53.56
2015-02-18,2491.0,4,52.13
2015-02-19,1815.0,1,51.12
2015-02-20,2563.0,5,49.95
2015-02-21,2467.0,3,49.82
2015-02-22,1076.0,0,49.690000000000005
2015-02-23,2387.0,4,49.56
2015-02-24,2110.0,3,48.48
2015-02-25,2347.0,6,50.25
2015-02-26,1847.0,5,47.65
2015-02-27,2667.0,4,49.84
2015-02-28,2294.0,5,49.75666666666667
2015-03-01,1141.0,7,49.67333333333334
2015-03-02,2328.0,3,49.59
2015-03-03,2404.0,6,50.43
2015-03-04,2486.0,5,51.53
2015-03-05,2092.0,7,50.76
2015-03-06,2235.0,6,49.61
2015-03-07,2707.0,6,49.723333333333336
2015-03-08,981.0,5,49.836666666666666
2015-03-09,3118.0,9,49.95
2015-03-10,2418.0,7,48.42
2015-03-11,2679.0,5,48.06
2015-03-12,1779.0,7,47.12
2015-03-13,2605.0,9,44.88
2015-03-14,2660.0,9,44.56333333333333
2015-03-15,1096.0,8,44.24666666666667
2015-03-16,2328.0,6,43.93
2015-03-17,2207.0,6,43.39
2015-03-18,2369.0,8,44.63
2015-03-19,2264.0,12,44.02
2015-03-20,2978.0,7,46.0
2015-03-21,2563.0,9,46.46666666666667
2015-03-22,1076.0,7,46.93333333333333
2015-03-23,2349.0,8,47.4
2015-03-24,2500.0,14,47.03
2015-03-25,2481.0,9,48.75
2015-03-26,1951.0,4,51.41
2015-03-27,2300.0,5,48.83
2015-03-28,2270.0,5,48.77333333333333
2015-03-29,952.0,7,48.71666666666666
2015-03-30,2163.0,7,48.66
2015-03-31,2436.0,8,47.72
2015-04-01,3048.0,12,50.12
2015-04-02,2558.0,5,49.13
2015-04-03,766.0,3,49.8675
2015-04-04,1879.0,5,50.605000000000004
2015-04-05,881.0,3,51.3425
2015-04-06,2604.0,4,52.08
2015-04-07,2319.0,5,53.95
2015-04-08,2734.0,5,50.44
2015-04-09,1968.0,4,50.79
2015-04-10,2448.0,4,51.63
2015-04-11,2315.0,3,51.73666666666667
2015-04-12,947.0,4,51.843333333333334
2015-04-13,2298.0,5,51.95
2015-04-14,2032.0,5,53.3
2015-04-15,2325.0,4,56.25
2015-04-16,2142.0,3,56.69
2015-04-17,2263.0,7,55.71
2015-04-18,2606.0,8,55.93
2015-04-19,1267.0,6,56.15
2015-04-20,2473.0,6,56.37
2015-04-21,2924.0,8,55.58
2015-04-22,3812.25,7,56.17
2015-04-23,2194.0,11,56.59
2015-04-24,2353.0,15,55.98
2015-04-25,2200.0,13,55.839999999999996
2015-04-26,1047.0,17,55.7
2015-04-27,2381.0,11,55.56
2015-04-28,1918.0,14,57.05
2015-04-29,2115.0,13,58.55
2015-04-30,2233.0,17,59.62
2015-05-01,800.0,7,59.1
2015-05-02,2562.0,9,59.04
2015-05-03,981.0,9,58.980000000000004
2015-05-04,2620.0,10,58.92
2015-05-05,2468.0,13,60.38
2015-05-06,2831.0,20,60.93
2015-05-07,2380.0,7,58.99
2015-05-08,2795.0,9,59.41
2015-05-09,2729.0,7,59.349999999999994
2015-05-10,717.0,5,59.29
2015-05-11,2381.0,15,59.23
2015-05-12,2436.0,8,60.72
2015-05-13,2407.0,10,60.5
2015-05-14,1895.0,7,59.89
2015-05-15,2121.0,3,59.73
2015-05-16,2327.0,13,59.63333333333333
2015-05-17,961.0,3,59.53666666666666
2015-05-18,2178.0,4,59.44
2015-05-19,2449.0,3,57.3
2015-05-20,2866.0,7,58.96
2015-05-21,2305.0,6,60.18
2015-05-22,2328.0,2,58.88
2015-05-23,2234.0,7,58.4825
2015-05-24,1114.0,10,58.085
2015-05-25,2295.0,6,57.6875
2015-05-26,2317.0,2,57.29
2015-05-27,2644.0,16,57.51
2015-05-28,2195.0,3,57.69
2015-05-29,2234.0,7,60.25
2015-05-30,2436.0,5,60.24666666666667
2015-05-31,1093.0,8,60.24333333333333
2015-06-01,2497.0,7,60.24
2015-06-02,2554.0,4,61.3
2015-06-03,3614.0,7,59.67
2015-06-04,2134.0,6,58.0
2015-06-05,2747.0,6,59.11
2015-06-06,2377.0,8,58.79
2015-06-07,832.0,7,58.47
2015-06-08,2476.0,3,58.15
2015-06-09,2166.0,3,60.15
2015-06-10,2718.0,7,61.36
2015-06-11,2073.0,5,60.74
2015-06-12,2315.0,8,59.96
2015-06-13,2341.0,16,59.81666666666667
2015-06-14,1120.0,2,59.67333333333333
2015-06-15,2428.0,9,59.53
2015-06-16,2531.0,10,60.01
2015-06-17,2803.0,12,59.89
2015-06-18,1900.0,14,60.41
2015-06-19,2377.0,10,59.62
2015-06-20,2537.0,13,59.75
2015-06-21,856.0,13,59.879999999999995
2015-06-22,2451.0,7,60.01
2015-06-23,2316.0,10,61.05
2015-06-24,2284.0,18,60.01
2015-06-25,2040.0,7,59.59
2015-06-26,2216.0,8,59.41
2015-06-27,2147.0,7,59.053333333333335
2015-06-28,1169.0,2,58.696666666666665
2015-06-29,2331.0,2,58.34
2015-06-30,2409.0,4,59.48
2015-07-01,2822.0,4,56.94
2015-07-02,2582.0,4,56.93
2015-07-03,3016.0,6,55.817499999999995
2015-07-04,2365.0,6,54.705
2015-07-05,851.0,9,53.5925
2015-07-06,1607.0,4,52.48
2015-07-07,710.25,0,52.33
2015-07-08,2918.0,6,51.61
2015-07-09,2600.0,8,52.76
2015-07-10,2649.0,7,52.74
2015-07-11,2400.0,7,52.556666666666665
2015-07-12,915.0,6,52.373333333333335
2015-07-13,2425.0,8,52.19
2015-07-14,2539.0,11,53.05
2015-07-15,2796.0,10,51.4
2015-07-16,2193.0,7,50.9
2015-07-17,3100.0,8,50.88
2015-07-18,1883.0,7,50.623333333333335
2015-07-19,869.0,3,50.36666666666667
2015-07-20,2534.0,12,50.11
2015-07-21,2073.0,10,50.59
2015-07-22,2370.0,17,49.27
2015-07-23,2117.0,13,48.11
2015-07-24,2316.0,11,47.98
2015-07-25,2066.0,7,47.71
2015-07-26,864.0,8,47.44
2015-07-27,2387.0,12,47.17
2015-07-28,2280.0,15,47.97
2015-07-29,2397.0,12,48.77
2015-07-30,1983.0,11,48.53
2015-07-31,2432.0,15,47.11
2015-08-01,2339.0,6,46.49
2015-08-02,942.0,11,45.87
2015-08-03,2667.0,11,45.25
2015-08-04,3100.0,6,45.75
2015-08-05,2876.0,7,45.13
2015-08-06,2219.0,5,44.69
2015-08-07,2325.0,7,43.87
2015-08-08,1651.0,7,44.22666666666667
2015-08-09,710.25,6,44.58333333333333
2015-08-10,659.0,3,44.94
2015-08-11,2537.0,14,43.11
2015-08-12,2579.0,7,43.22
2015-08-13,1875.0,12,42.27
2015-08-14,3570.0,10,42.45
2015-08-15,3090.0,10,42.27666666666667
2015-08-16,907.0,3,42.10333333333333
2015-08-17,2375.0,7,41.93
2015-08-18,2178.0,5,42.58
2015-08-19,2421.0,8,40.75
2015-08-20,2171.0,10,41.0
2015-08-21,2248.0,10,40.45
2015-08-22,2251.0,13,39.70666666666667
2015-08-23,774.0,8,38.96333333333333
2015-08-24,2244.0,6,38.22
2015-08-25,2233.0,9,39.15
2015-08-26,2643.0,13,38.5
2015-08-27,2067.0,6,42.47
2015-08-28,2313.0,11,45.29
2015-08-29,2418.0,10,46.593333333333334
2015-08-30,869.0,5,47.89666666666667
2015-08-31,2454.0,7,49.2
2015-09-01,2517.0,9,45.38
2015-09-02,3066.0,8,46.3
2015-09-03,2571.0,2,46.75
2015-09-04,2840.0,6,46.02
2015-09-05,2430.0,9,45.995000000000005
2015-09-06,1067.0,1,45.97
2015-09-07,2477.0,6,45.945
2015-09-08,2406.0,7,45.92
2015-09-09,2627.0,4,44.13
2015-09-10,2047.0,8,45.85
2015-09-11,2263.0,10,44.75
2015-09-12,2443.0,2,44.52333333333333
2015-09-13,969.0,2,44.29666666666667
2015-09-14,2349.0,5,44.07
2015-09-15,2305.0,4,44.58
2015-09-16,2644.0,8,47.12
2015-09-17,2140.0,5,46.93
2015-09-18,2537.0,5,44.71
2015-09-19,2360.0,6,45.36333333333334
2015-09-20,997.0,2,46.016666666666666
2015-09-21,2311.0,2,46.67
2015-09-22,2378.0,4,46.17
2015-09-23,2412.0,6,44.53
2015-09-24,2129.0,4,44.94
2015-09-25,2456.0,6,45.55
2015-09-26,2495.0,11,45.166666666666664
2015-09-27,1159.0,4,44.78333333333333
2015-09-28,2189.0,6,44.4
2015-09-29,2271.0,10,45.24
2015-09-30,3529.0,8,45.06
2015-10-01,2715.0,13,44.75
2015-10-02,2848.0,8,45.54
2015-10-03,3093.0,8,45.78666666666667
2015-10-04,1300.0,4,46.03333333333333
2015-10-05,3812.25,13,46.28
2015-10-06,2626.0,10,48.53
2015-10-07,2700.0,10,47.86
2015-10-08,2564.0,10,49.46
2015-10-09,1084.0,4,49.67
2015-10-10,2052.0,6,48.81
2015-10-11,995.0,9,47.95
2015-10-12,2522.0,10,47.09
2015-10-13,2312.0,9,46.7
2015-10-14,2755.0,9,46.63
2015-10-15,2238.0,3,46.38
2015-10-16,3068.0,6,47.3
2015-10-17,2909.0,5,46.836666666666666
2015-10-18,1454.0,4,46.37333333333333
2015-10-19,2755.0,6,45.91
2015-10-20,2481.0,3,45.84
2015-10-21,2464.0,3,45.22
2015-10-22,2154.0,4,44.9
2015-10-23,2785.0,5,43.91
2015-10-24,2296.0,3,43.669999999999995
2015-10-25,1183.0,1,43.43
2015-10-26,2323.0,3,43.19
2015-10-27,2331.0,4,43.21
2015-10-28,3331.0,6,45.93
2015-10-29,2206.0,12,46.02
2015-10-30,2400.0,13,46.6
2015-10-31,2086.0,8,46.44
2015-11-01,710.25,2,46.28
2015-11-02,665.0,3,46.12
2015-11-03,1069.0,4,47.88
2015-11-04,3812.25,9,46.32
2015-11-05,2528.0,14,45.27
2015-11-06,2710.0,24,44.32
2015-11-07,2637.0,13,44.17
2015-11-08,1313.0,7,44.019999999999996
2015-11-09,2493.0,15,43.87
2015-11-10,2287.0,8,44.23
2015-11-11,2643.0,13,42.95
2015-11-12,2374.0,19,41.74
2015-11-13,2452.0,15,40.69
2015-11-14,2481.0,10,41.019999999999996
2015-11-15,1236.0,22,41.35
2015-11-16,2635.0,17,41.68
2015-11-17,2431.0,13,40.73
2015-11-18,2511.0,32,40.75
2015-11-19,2420.0,27,40.55
2015-11-20,2735.0,22,39.39
2015-11-21,2515.0,17,39.35
2015-11-22,1254.0,13,39.31
2015-11-23,2817.0,17,39.27
2015-11-24,2571.0,18,40.89
2015-11-25,2604.0,17,41.22
2015-11-26,2350.0,13,40.894999999999996
2015-11-27,2453.0,18,40.57
2015-11-28,2355.0,6,40.52333333333333
2015-11-29,992.0,8,40.47666666666667
2015-11-30,3066.0,15,40.43
2015-12-01,3569.0,31,40.58
2015-12-02,2968.0,24,39.93
2015-12-03,2825.0,13,41.08
2015-12-04,3268.0,19,40.0
2015-12-05,2519.0,11,39.21333333333333
2015-12-06,1189.0,14,38.42666666666667
2015-12-07,3521.0,17,37.64
2015-12-08,2732.0,12,37.46
2015-12-09,3588.0,21,37.16
2015-12-10,3693.0,5,36.76
2015-12-11,2751.0,9,35.65
2015-12-12,2393.0,26,35.87
2015-12-13,1229.0,7,36.09
2015-12-14,3129.0,10,36.31
2015-12-15,3178.0,8,37.32
2015-12-16,3698.0,13,35.55
2015-12-17,3796.0,14,34.98
2015-12-18,3812.25,11,34.72
2015-12-19,3368.0,4,34.663333333333334
2015-12-20,1673.0,20,34.60666666666666
2015-12-21,3894.0,5,34.55
2015-12-22,3906.0,9,36.12
2015-12-23,4146.0,5,36.76
2015-12-24,3126.0,6,37.62
2015-12-26,1620.0,16,36.989999999999995
2015-12-27,710.25,8,36.675
2015-12-28,1989.0,1,36.36
2015-12-29,1992.0,2,37.88
2015-12-30,2949.0,8,36.59
2015-12-31,2042.0,4,37.13
2016-01-01,0.0,0,37.050000000000004
2016-01-02,2047.0,22,36.97
2016-01-03,1069.0,7,36.89
2016-01-04,3190.0,5,36.81
2016-01-05,2627.0,12,35.97
2016-01-06,3330.0,5,33.97
2016-01-07,2500.0,2,33.29
2016-01-08,2985.0,4,33.2
2016-01-09,2427.0,6,32.60666666666667
2016-01-10,1061.0,16,32.013333333333335
2016-01-11,2474.0,3,31.42
2016-01-12,3035.0,11,30.42
2016-01-13,2617.0,16,30.42
2016-01-14,2403.0,15,31.22
2016-01-15,2291.0,4,29.45
2016-01-16,2599.0,8,29.205
2016-01-17,1291.0,12,28.96
2016-01-18,2659.0,10,28.715
2016-01-19,2294.0,17,28.47
2016-01-20,2720.0,23,26.68
2016-01-21,2053.0,0,29.55
2016-01-22,2780.0,1,32.07
2016-01-23,2390.0,2,31.483333333333334
2016-01-24,950.0,2,30.896666666666665
2016-01-25,2601.0,2,30.31
2016-01-26,2289.0,0,29.54
2016-01-27,2689.0,1,32.32
2016-01-28,2110.0,32,33.21
2016-01-29,2490.0,39,33.66
2016-01-30,2489.0,38,32.98
2016-01-31,1101.0,30,32.3
2016-02-01,2731.0,39,31.62
2016-02-02,2665.0,38,29.9
2016-02-03,3591.0,39,32.29
2016-02-04,2432.0,60,31.63
2016-02-05,2632.0,61,30.86
2016-02-06,2342.0,69,30.476666666666667
2016-02-07,710.25,35,30.093333333333334
2016-02-08,703.0,26,29.71
2016-02-09,956.0,40,27.96
2016-02-10,2778.0,58,27.54
2016-02-11,2452.0,59,26.19
2016-02-12,2790.0,59,29.32
2016-02-13,2557.0,61,29.2525
2016-02-14,1117.0,48,29.185000000000002
2016-02-15,2566.0,62,29.1175
2016-02-16,3345.0,24,29.05
2016-02-17,2891.0,23,30.68
2016-02-18,2394.0,31,30.77
2016-02-19,2860.0,29,29.59
2016-02-20,2747.0,31,30.183333333333334
2016-02-21,1200.0,17,30.776666666666667
2016-02-22,2453.0,20,31.37
2016-02-23,2451.0,18,31.84
2016-02-24,2807.0,35,30.35
2016-02-25,2084.0,4,31.4
2016-02-26,2563.0,11,31.65
2016-02-27,2500.0,12,32.013333333333335
2016-02-28,903.0,7,32.376666666666665
2016-02-29,2448.0,13,32.74
2016-03-01,2808.0,13,34.39
2016-03-02,3137.0,19,34.57
2016-03-03,2303.0,15,34.56
2016-03-04,3587.0,15,35.91
2016-03-05,2878.0,19,36.57333333333333
2016-03-06,1365.0,12,37.236666666666665
2016-03-07,2596.0,15,37.9
2016-03-08,2531.0,0,36.67
2016-03-09,2750.0,19,37.62
2016-03-10,2196.0,13,37.77
2016-03-11,2714.0,19,38.51
2016-03-12,2678.0,18,38.07333333333333
2016-03-13,1134.0,12,37.63666666666667
2016-03-14,2266.0,18,37.2
2016-03-15,2986.0,19,36.32
2016-03-16,3039.0,19,38.43
2016-03-17,2427.0,44,40.17
2016-03-18,2478.0,24,39.47
2016-03-19,2514.0,24,39.61666666666667
2016-03-20,1313.0,16,39.76333333333333
2016-03-21,2456.0,29,39.91
2016-03-22,2356.0,23,41.45
2016-03-23,2774.0,28,38.28
2016-03-24,2941.0,31,38.14
2016-03-25,824.0,19,38.1025
2016-03-26,1748.0,27,38.065
2016-03-27,977.0,19,38.0275
2016-03-28,2309.0,28,37.99
2016-03-29,2698.0,27,36.91
2016-03-30,2632.0,24,36.91
2016-03-31,2407.0,24,36.94
2016-04-01,3554.0,27,35.36
2016-04-02,3028.0,23,35.00666666666667
2016-04-03,1319.0,18,34.65333333333333
2016-04-04,2792.0,26,34.3
2016-04-05,2657.0,20,34.52
2016-04-06,2784.0,28,37.74
2016-04-07,2625.0,49,37.3
2016-04-08,2486.0,67,39.74
2016-04-09,2523.0,51,39.980000000000004
2016-04-10,1179.0,31,40.22
2016-04-11,2578.0,54,40.46
2016-04-12,2406.0,54,42.12
2016-04-13,2821.0,76,41.7
2016-04-14,2236.0,13,41.45
2016-04-15,2621.0,16,40.4
2016-04-16,2439.0,22,40.18
2016-04-17,2649.0,18,39.96
2016-04-18,2714.0,18,39.74
2016-04-19,2779.0,19,40.88
2016-04-20,2844.0,28,42.72
2016-04-21,2909.0,39,43.18
2016-04-22,2974.0,26,42.76
2016-04-23,3039.0,27,42.39666666666667
2016-04-24,1554.0,34,42.03333333333333
2016-04-25,2528.0,30,41.67
2016-04-26,2535.0,33,42.52
2016-04-27,2779.0,45,45.29
2016-04-28,2989.0,63,46.03
2016-04-29,2786.0,57,45.98
2016-04-30,2920.0,69,45.57
2016-05-01,1470.0,44,45.16
2016-05-02,2870.0,41,44.75
2016-05-03,2628.0,53,43.65
2016-05-04,3279.0,63,43.77
2016-05-05,2977.0,59,44.33
2016-05-06,2994.0,52,44.58
2016-05-07,3156.0,54,44.20333333333333
2016-05-08,852.0,36,43.82666666666667
2016-05-09,2969.0,54,43.45
2016-05-10,2279.0,50,44.68
2016-05-11,2897.0,34,46.21
2016-05-12,2423.0,34,46.64
2016-05-13,2783.0,29,46.22
2016-05-14,2713.0,26,46.72
2016-05-15,1183.0,16,47.22
2016-05-16,2893.0,27,47.72
2016-05-17,3123.0,30,48.29
2016-05-18,2898.0,35,48.12
2016-05-19,2249.0,31,48.16
2016-05-20,2523.0,43,47.67
2016-05-21,2700.0,28,47.82
2016-05-22,1221.0,17,47.97
2016-05-23,2415.0,33,48.12
2016-05-24,2293.0,26,48.04
2016-05-25,2501.0,34,49.1
2016-05-26,2592.0,59,49.0
2016-05-27,1153.0,42,49.36
2016-05-28,1895.0,49,49.295
2016-05-29,1008.0,29,49.230000000000004
2016-05-30,2756.0,59,49.165
2016-05-31,3496.0,77,49.1
2016-06-01,3404.0,76,49.07
2016-06-02,2469.0,65,49.14
2016-06-03,3812.25,53,48.69
2016-06-04,2799.0,53,49.03
2016-06-05,1106.0,27,49.37
2016-06-06,2821.0,51,49.71
2016-06-07,2790.0,49,50.37
2016-06-08,3208.0,55,51.23
2016-06-09,2079.0,37,50.52
2016-06-10,2900.0,67,49.09
2016-06-11,2436.0,48,49.02333333333333
2016-06-12,1184.0,30,48.95666666666667
2016-06-13,2374.0,46,48.89
2016-06-14,2301.0,41,48.49
2016-06-15,3015.0,65,47.92
2016-06-16,2370.0,46,46.14
2016-06-17,2624.0,62,48.0
2016-06-18,2823.0,51,48.46666666666667
2016-06-19,1042.0,38,48.93333333333333
2016-06-20,2598.0,49,49.4
2016-06-21,2525.0,53,48.95
2016-06-22,2685.0,67,49.16
2016-06-23,2330.0,47,49.34
2016-06-24,2550.0,53,46.7
2016-06-25,2529.0,52,46.4
2016-06-26,1216.0,40,46.1
2016-06-27,2390.0,47,45.8
2016-06-28,2987.0,42,47.93
2016-06-29,2596.0,45,49.85
2016-06-30,2155.0,49,48.27
2016-07-01,3213.0,45,49.02
2016-07-02,2795.0,38,48.447500000000005
2016-07-03,1263.0,27,47.875
2016-07-04,2946.0,48,47.302499999999995
2016-07-05,2479.0,45,46.73
2016-07-06,3117.0,68,47.37
2016-07-07,2325.0,41,45.22
2016-07-08,2807.0,38,45.37
2016-07-09,2196.0,34,45.156666666666666
2016-07-10,1044.0,28,44.94333333333333
2016-07-11,2373.0,46,44.73
2016-07-12,2254.0,41,46.82
2016-07-13,2955.0,49,44.87
2016-07-14,2379.0,39,45.64
2016-07-15,3094.0,47,45.93
2016-07-16,2712.0,46,45.696666666666665
2016-07-17,1070.0,29,45.46333333333333
2016-07-18,2540.0,35,45.23
2016-07-19,2457.0,39,44.64
2016-07-20,2843.0,52,44.96
2016-07-21,2365.0,40,43.96
2016-07-22,2755.0,41,43.41
2016-07-23,2329.0,35,43.07333333333333
2016-07-24,1150.0,28,42.736666666666665
2016-07-25,2285.0,35,42.4
2016-07-26,2428.0,38,42.16
2016-07-27,2842.0,0,41.9
2016-07-28,2275.0,37,41.13
2016-07-29,2243.0,41,41.54
2016-07-30,2697.0,46,41.04333333333333
2016-07-31,1047.0,27,40.54666666666667
2016-08-01,3121.0,35,40.05
2016-08-02,2577.0,37,39.5
2016-08-03,3139.0,32,40.8
2016-08-04,2435.0,17,41.92
2016-08-05,2845.0,24,41.83
2016-08-06,2304.0,17,42.24
2016-08-07,917.0,18,42.65
2016-08-08,2684.0,20,43.06
2016-08-09,2486.0,27,42.78
2016-08-10,2374.0,22,41.75
2016-08-11,2511.0,20,43.51
2016-08-12,1055.0,17,44.47
2016-08-13,1621.0,18,44.88666666666666
2016-08-14,728.0,14,45.303333333333335
2016-08-15,3181.0,24,45.72
2016-08-16,2436.0,22,46.57
2016-08-17,2422.0,24,46.81
2016-08-18,2201.0,20,48.2
2016-08-19,2538.0,23,48.48
2016-08-20,2308.0,26,47.919999999999995
2016-08-21,969.0,17,47.36
2016-08-22,2360.0,21,46.8
2016-08-23,2545.0,29,47.54
2016-08-24,2886.0,32,46.29
2016-08-25,1999.0,21,46.97
2016-08-26,2419.0,31,47.64
2016-08-27,2141.0,19,47.416666666666664
2016-08-28,1045.0,20,47.193333333333335
2016-08-29,2280.0,27,46.97
2016-08-30,2337.0,28,46.32
2016-08-31,2903.0,32,44.68
2016-09-01,2935.0,22,43.17
2016-09-02,2798.0,18,44.39
2016-09-03,2534.0,21,44.505
2016-09-04,1282.0,7,44.620000000000005
2016-09-05,2432.0,16,44.735
2016-09-06,2943.0,17,44.85
2016-09-07,2646.0,26,45.47
2016-09-08,2380.0,21,47.63
2016-09-09,2604.0,25,45.88
2016-09-10,2370.0,19,46.013333333333335
2016-09-11,1059.0,11,46.14666666666667
2016-09-12,2664.0,18,46.28
2016-09-13,2623.0,0,44.91
2016-09-14,2597.0,23,43.62
2016-09-15,2290.0,28,43.85
2016-09-16,2625.0,28,43.04
2016-09-17,2645.0,27,43.14
2016-09-18,1200.0,16,43.24
2016-09-19,2558.0,25,43.34
2016-09-20,2492.0,28,43.85
2016-09-21,2753.0,25,45.33
2016-09-22,2323.0,20,46.1
2016-09-23,2391.0,28,44.36
2016-09-24,2496.0,24,44.77333333333333
2016-09-25,1030.0,14,45.18666666666667
2016-09-26,2161.0,23,45.6
2016-09-27,2255.0,25,44.65
2016-09-28,2735.0,23,47.07
2016-09-29,2131.0,24,47.72
2016-09-30,2579.0,29,47.72
2016-10-01,3369.0,25,48.08
2016-10-02,1532.0,16,48.44
2016-10-03,2982.0,26,48.8
2016-10-04,2750.0,27,48.67
2016-10-05,3812.25,35,49.75
2016-10-06,2458.0,42,50.44
2016-10-07,2592.0,45,49.76
2016-10-08,2615.0,40,49.76
2016-10-09,1361.0,37,49.76
2016-10-10,2535.0,47,49.76
2016-10-11,2390.0,44,50.72
2016-10-12,2722.0,48,50.14
2016-10-13,2093.0,41,50.47
2016-10-14,2637.0,53,50.35
2016-10-15,2562.0,44,50.223333333333336
2016-10-16,1494.0,35,50.096666666666664
2016-10-17,2605.0,47,49.97
2016-10-18,2443.0,46,50.3
2016-10-19,2788.0,51,51.59
2016-10-20,2445.0,41,50.31
2016-10-21,2438.0,47,50.61
2016-10-22,2755.0,43,50.46666666666667
2016-10-23,1360.0,29,50.32333333333333
2016-10-24,2455.0,41,50.18
2016-10-25,2783.0,37,49.45
2016-10-26,2785.0,97,48.75
2016-10-27,2633.0,69,49.71
2016-10-28,2854.0,73,48.72
2016-10-29,2652.0,75,48.089999999999996
2016-10-30,1364.0,57,47.46
2016-10-31,2332.0,72,46.83
2016-11-01,3812.25,63,46.66
2016-11-02,1074.0,59,45.32
2016-11-03,888.0,48,44.66
2016-11-04,1686.0,71,44.07
2016-11-05,1860.0,63,44.34
2016-11-06,1142.0,57,44.61
2016-11-07,3004.0,71,44.88
2016-11-08,2966.0,73,44.96
2016-11-09,3812.25,94,45.2
2016-11-10,2466.0,83,44.62
2016-11-11,2660.0,83,43.39
2016-11-12,2753.0,75,43.35666666666667
2016-11-13,1353.0,62,43.32333333333333
2016-11-14,3061.0,90,43.29
2016-11-15,2802.0,69,45.86
2016-11-16,2999.0,127,45.56
2016-11-17,2545.0,90,45.37
2016-11-18,2998.0,90,45.69
2016-11-19,2850.0,92,46.28666666666666
2016-11-20,1213.0,71,46.88333333333333
2016-11-21,3097.0,92,47.48
2016-11-22,2690.0,88,48.07
2016-11-23,3054.0,103,46.72
2016-11-24,2410.0,91,46.72
2016-11-25,2652.0,90,46.72
2016-11-26,2550.0,90,46.36666666666667
2016-11-27,1210.0,78,46.01333333333333
2016-11-28,3013.0,88,45.66
2016-11-29,2584.0,85,45.29
2016-11-30,3032.0,92,49.41
2016-12-01,2663.0,108,51.08
2016-12-02,3812.25,101,51.7
2016-12-03,2767.0,91,51.70666666666667
2016-12-04,1581.0,85,51.71333333333333
2016-12-05,2852.0,93,51.72
2016-12-06,1177.0,78,50.95
2016-12-07,3695.0,167,49.85
2016-12-08,3099.0,117,50.84
2016-12-09,3812.25,114,51.51
2016-12-10,2972.0,105,51.92
2016-12-11,1417.0,92,52.33
2016-12-12,2991.0,114,52.74
2016-12-13,3812.25,108,52.99
2016-12-14,3812.25,109,51.01
2016-12-15,3410.0,109,50.9
2016-12-16,3481.0,105,51.93
2016-12-17,3451.0,113,51.99666666666667
2016-12-18,2044.0,104,52.06333333333333
2016-12-19,3812.25,118,52.13
2016-12-20,3812.25,123,52.22
2016-12-21,5162.0,116,51.44
2016-12-22,5055.0,116,51.98
2016-12-23,5386.0,125,52.01
2016-12-24,3609.0,103,52.2125
2016-12-26,904.0,80,52.6175
2016-12-27,3156.0,101,52.82
2016-12-28,2761.0,105,54.01
2016-12-29,2573.0,101,53.8
2016-12-30,3292.0,103,53.75
2016-12-31,2768.0,107,53.4025
2017-01-01,0.0,0,53.055
2017-01-02,1218.0,55,52.707499999999996
2017-01-03,3507.0,78,52.36
2017-01-04,3665.0,109,53.26
2017-01-05,3085.0,49,53.77
2017-01-06,3012.0,62,53.98
2017-01-07,2898.0,49,53.303333333333335
2017-01-08,1426.0,43,52.626666666666665
2017-01-09,2850.0,50,51.95
2017-01-10,2939.0,52,50.82
2017-01-11,3265.0,48,52.19
2017-01-12,2736.0,51,53.01
2017-01-13,3014.0,65,52.36
2017-01-14,2905.0,54,52.3825
2017-01-15,1410.0,50,52.405
2017-01-16,2719.0,49,52.4275
2017-01-17,3812.25,63,52.45
2017-01-18,3068.0,59,51.12
2017-01-19,2395.0,48,51.39
2017-01-20,2523.0,48,52.33
2017-01-21,3212.0,51,52.47666666666667
2017-01-22,1190.0,33,52.623333333333335
2017-01-23,3208.0,49,52.77
2017-01-24,2657.0,56,52.38
2017-01-25,2830.0,56,52.14
2017-01-26,2524.0,23,53.24
2017-01-27,3039.0,31,53.18
2017-01-28,2792.0,29,52.99666666666667
2017-01-29,1354.0,23,52.81333333333333
2017-01-30,2792.0,27,52.63
2017-01-31,2463.0,32,52.75
2017-02-01,3307.0,57,53.9
2017-02-02,2807.0,27,53.55
2017-02-03,3091.0,35,53.81
2017-02-04,3198.0,44,53.54333333333334
2017-02-05,1256.0,45,53.276666666666664
2017-02-06,2561.0,37,53.01
2017-02-07,2842.0,49,52.19
2017-02-08,2993.0,68,52.37
2017-02-09,2638.0,35,52.99
2017-02-10,3484.0,39,53.84
2017-02-11,2885.0,41,53.54666666666667
2017-02-12,1210.0,30,53.25333333333334
2017-02-13,3257.0,37,52.96
2017-02-14,2848.0,26,53.21
2017-02-15,2740.0,51,53.11
2017-02-16,2643.0,53,53.41
2017-02-17,2946.0,53,53.41
2017-02-18,3462.0,54,53.5625
2017-02-19,1079.0,37,53.715
2017-02-20,2697.0,54,53.8675
2017-02-21,2831.0,57,54.02
2017-02-22,3362.0,69,53.61
2017-02-23,2983.0,69,54.48
2017-02-24,3120.0,66,53.99
2017-02-25,2741.0,67,54.00666666666667
2017-02-26,927.0,50,54.02333333333333
2017-02-27,762.0,52,54.04
2017-02-28,1392.0,53,54.0
2017-03-01,3628.0,71,53.82
2017-03-02,3323.0,52,52.63
2017-03-03,3391.0,56,53.33
2017-03-04,3002.0,55,53.28333333333333
2017-03-05,1337.0,41,53.236666666666665
2017-03-06,2819.0,39,53.19
2017-03-07,3812.25,41,52.68
2017-03-08,3218.0,40,49.83
2017-03-09,2700.0,28,48.75
2017-03-10,2966.0,28,48.05
2017-03-11,3023.0,21,48.016666666666666
2017-03-12,1438.0,21,47.983333333333334
2017-03-13,2858.0,22,47.95
2017-03-14,2775.0,22,47.24
2017-03-15,3097.0,26,48.34
2017-03-16,2933.0,22,48.3
2017-03-17,3456.0,20,48.34
2017-03-18,3015.0,20,48.156666666666666
2017-03-19,1458.0,19,47.973333333333336
2017-03-20,3157.0,19,47.79
2017-03-21,3562.0,21,47.02
2017-03-22,3074.0,27,47.29
2017-03-23,2728.0,22,47.0
2017-03-24,3321.0,24,47.3
2017-03-25,2853.0,25,47.20666666666666
2017-03-26,1330.0,18,47.11333333333334
2017-03-27,2830.0,22,47.02
2017-03-28,2937.0,20,48.36
2017-03-29,3104.0,29,49.47
2017-03-30,2557.0,34,50.3
2017-03-31,3185.0,38,50.54
2017-04-01,3812.25,39,50.443333333333335
2017-04-02,1482.0,25,50.346666666666664
2017-04-03,2886.0,32,50.25
2017-04-04,2785.0,31,50.99
2017-04-05,3492.0,43,51.14
2017-04-06,2461.0,43,51.69
2017-04-07,3054.0,42,52.25
2017-04-08,3174.0,45,52.52
2017-04-09,1394.0,28,52.79
2017-04-10,2437.0,42,53.06
2017-04-11,2674.0,48,53.38
2017-04-12,3374.0,76,53.12
2017-04-13,2931.0,67,53.19
2017-04-14,790.0,38,53.0475
2017-04-15,2030.0,54,52.905
2017-04-16,1185.0,60,52.762499999999996
2017-04-17,3641.0,73,52.62
2017-04-18,2579.0,65,52.46
2017-04-19,2972.0,95,50.49
2017-04-20,2546.0,72,50.26
2017-04-21,3112.0,75,49.64
2017-04-22,2824.0,69,49.39333333333333
2017-04-23,1163.0,54,49.14666666666667
2017-04-24,2540.0,75,48.9
2017-04-25,2817.0,71,49.22
2017-04-26,2868.0,75,49.22
2017-04-27,2301.0,72,48.96
2017-04-28,2876.0,90,49.31
2017-04-29,2426.0,74,49.15
2017-04-30,886.0,57,48.99
2017-05-01,891.0,38,48.83
2017-05-02,3812.25,61,47.65
2017-05-03,3777.0,79,47.79
2017-05-04,2800.0,51,45.55
2017-05-05,2991.0,54,46.23
2017-05-06,2752.0,52,46.306666666666665
2017-05-07,1103.0,33,46.38333333333333
2017-05-08,2854.0,40,46.46
2017-05-09,2763.0,52,45.84
2017-05-10,2925.0,75,47.28
2017-05-11,2233.0,38,47.81
2017-05-12,3532.0,39,47.83
2017-05-13,2931.0,43,48.17333333333333
2017-05-14,931.0,23,48.516666666666666
2017-05-15,2531.0,43,48.86
2017-05-16,2822.0,47,48.64
2017-05-17,3131.0,40,49.04
2017-05-18,2600.0,38,49.36
2017-05-19,3077.0,36,50.32
2017-05-20,2573.0,43,50.483333333333334
2017-05-21,1205.0,32,50.64666666666667
2017-05-22,2842.0,39,50.81
2017-05-23,2665.0,41,51.12
2017-05-24,3574.0,46,50.99
2017-05-25,2505.0,40,48.57
2017-05-26,1301.0,31,49.58
2017-05-27,2166.0,33,49.5925
2017-05-28,1258.0,34,49.605000000000004
2017-05-29,2666.0,39,49.6175
2017-05-30,2497.0,39,49.63
2017-05-31,3262.0,38,48.29
2017-06-01,2774.0,1,48.32
2017-06-02,2953.0,33,47.68
2017-06-03,2996.0,35,47.586666666666666
2017-06-04,1148.0,22,47.49333333333333
2017-06-05,3071.0,36,47.4
2017-06-06,3383.0,37,48.13
2017-06-07,3353.0,55,45.8
2017-06-08,2902.0,51,45.68
2017-06-09,3105.0,44,45.82
2017-06-10,3106.0,51,45.913333333333334
2017-06-11,1352.0,38,46.00666666666667
2017-06-12,2601.0,45,46.1
2017-06-13,2426.0,44,46.41
2017-06-14,3812.25,65,44.79
2017-06-15,3189.0,63,44.47
2017-06-16,2991.0,53,44.73
2017-06-17,3016.0,49,44.56666666666666
2017-06-18,1223.0,40,44.403333333333336
2017-06-19,3373.0,47,44.24
2017-06-20,3812.25,48,43.34
2017-06-21,2898.0,80,42.48
2017-06-22,2499.0,56,42.53
2017-06-23,2663.0,57,42.86
2017-06-24,2877.0,55,42.986666666666665
2017-06-25,1264.0,48,43.11333333333334
2017-06-26,2812.0,45,43.24
2017-06-27,2653.0,46,44.25
2017-06-28,3003.0,53,44.74
2017-06-29,2603.0,59,44.88
2017-06-30,2916.0,70,46.02
2017-07-01,2871.0,56,45.838
2017-07-02,1222.0,54,45.656
2017-07-03,2952.0,56,45.474000000000004
2017-07-04,2759.0,60,45.292
2017-07-05,3147.0,80,45.11
2017-07-06,2550.0,58,45.52
2017-07-07,2972.0,47,44.25
2017-07-08,2561.0,45,44.3
2017-07-09,1140.0,27,44.35
2017-07-10,2849.0,46,44.4
2017-07-11,2712.0,47,45.06
2017-07-12,3185.0,59,45.48
2017-07-13,2571.0,47,46.06
2017-07-14,3182.0,58,46.53
2017-07-15,2297.0,43,46.36
2017-07-16,1028.0,39,46.190000000000005
2017-07-17,2720.0,52,46.02
2017-07-18,3370.0,54,46.4
2017-07-19,3065.0,76,47.1
2017-07-20,2592.0,64,46.73
2017-07-21,2725.0,61,45.78
2017-07-22,2576.0,65,45.92333333333333
2017-07-23,1371.0,45,46.06666666666667
2017-07-24,2612.0,55,46.21
2017-07-25,2405.0,63,47.77
2017-07-26,2878.0,69,48.58
2017-07-27,2466.0,54,49.05
2017-07-28,2622.0,44,49.72
2017-07-29,2446.0,53,49.88333333333333
2017-07-30,1086.0,42,50.04666666666667
2017-07-31,2966.0,54,50.21
2017-08-01,2872.0,45,49.19
2017-08-02,3247.0,58,49.6
2017-08-03,2177.0,29,49.03
2017-08-04,2778.0,35,49.57
2017-08-05,2034.0,29,49.50333333333333
2017-08-06,1025.0,29,49.43666666666667
2017-08-07,2551.0,44,49.37
2017-08-08,3062.0,35,49.07
2017-08-09,2719.0,46,49.59
2017-08-10,2591.0,31,48.54
2017-08-11,1270.0,24,48.81
2017-08-12,1630.0,28,48.403333333333336
2017-08-13,952.0,19,47.99666666666667
2017-08-14,2407.0,30,47.59
2017-08-15,2508.0,29,47.57
