ds,actual,prophet,prophet_lower,prophet_upper
2017-05-18,2600.0,2709.318120847009,2338.217183787897,3093.7154229742237
2017-05-19,3077.0,2950.4151288263656,2559.982271114607,3370.8555563200553
2017-05-20,2573.0,2836.7509675544043,2459.079248537434,3248.742922816173
2017-05-21,1205.0,1560.3440984221663,1194.5125526576899,1958.545974768997
2017-05-22,2842.0,2874.0467050820967,2496.491361671029,3295.6408221471374
2017-05-23,2665.0,2874.330560468256,2466.03942679045,3271.8140400144944
2017-05-24,3574.0,2739.272146669666,2361.8038169889082,3098.6585248857073
2017-05-25,2505.0,2424.458821789235,2046.032640021483,2811.652181682714
2017-05-26,1301.0,1411.6548456314415,1016.3186494874333,1789.4064741875177
2017-05-27,2166.0,2140.4526224752203,1698.1029604411976,2517.7005583227183
2017-05-28,1258.0,1577.9160985478743,1183.3424509479512,1980.5507423730198
2017-05-29,2666.0,2893.6503985721256,2517.630568116375,3278.3078266338284
2017-05-30,2497.0,2895.7057279577543,2507.822295003911,3314.718176807005
2017-05-31,3262.0,3249.7560415897806,2830.493464831892,3612.935886815272
2017-06-01,2774.0,2743.816865344448,2352.3460143759607,3161.678323764257
2017-06-02,2953.0,2987.8573710745686,2622.291037569334,3378.421249336274
2017-06-03,2996.0,2876.572563206044,2464.622356880537,3266.1329775817517
2017-06-04,1148.0,1601.8667463363288,1206.361620209424,2003.215994154084
2017-06-05,3071.0,2916.48738279519,2520.175245673708,3332.591330660643
2017-06-06,3383.0,2916.8148102138416,2531.7932434359677,3305.9279742997055
2017-06-07,3353.0,3268.521492833629,2891.815420008744,3672.947341174738
2017-06-08,2902.0,2759.6381687189687,2365.2621613850647,3137.9852620756533
2017-06-09,3105.0,3000.1663857326193,2622.1619633823498,3383.9671584736852
2017-06-10,3106.0,2884.8506389542354,2484.6723573288405,3263.677297707115
2017-06-11,1352.0,1605.6612594006363,1211.7059179461746,2012.141538955794
2017-06-12,2601.0,2915.4271602670433,2527.0111382429072,3301.401559586064
2017-06-13,2426.0,2910.6239249137725,2481.001709864655,3305.270004814483
2017-06-14,3812.25,3257.0309415866545,2847.3320160643643,3627.207598806347
2017-06-15,3189.0,2742.7949948280007,2354.0095573345375,3136.5128915601967
2017-06-16,2991.0,2978.039869738702,2585.0937328936207,3370.021092860564
2017-06-17,3016.0,2857.6352587769816,2456.150749110179,3245.675175003653
2017-06-18,1223.0,1573.6762098960307,1173.0474014680728,1998.565689838207
2017-06-19,3373.0,2879.1123202800345,2493.658230072471,3290.5419602232837
2017-06-20,3812.25,2870.5322644659977,2491.811156996685,3229.288664093296
2017-06-21,2898.0,3213.817469675705,2841.349951980316,3598.980274160324
2017-06-22,2499.0,2697.2024560822106,2280.9288024210546,3086.7874236084926
2017-06-23,2663.0,2930.8815027110318,2544.943730003786,3343.6972272001626
2017-06-24,2877.0,2809.7750263273842,2420.408770260494,3250.004450552465
2017-06-25,1264.0,1526.00700016762,1134.732830619502,1914.2660199728032
2017-06-26,2812.0,2832.532691688634,2429.550083777583,3225.3238746630172
2017-06-27,2653.0,2825.9223678977855,2436.859121679075,3223.6191947453335
2017-06-28,3003.0,3172.0148229950605,2772.3651278252223,3555.777829106051
2017-06-29,2603.0,2658.978268767047,2292.785107874233,3044.3123271526647
2017-06-30,2916.0,2896.918250653853,2459.4860699624387,3295.4148866133323
2017-07-01,2871.0,2780.645958150984,2408.4316670690005,3171.0755371720566
2017-07-02,1222.0,1502.15821663021,1119.0183536728316,1905.886571497416
2017-07-03,2952.0,2814.26838020354,2408.158916029709,3168.886904249278
2017-07-04,2759.0,2813.3936955576696,2415.8848027139597,3186.5818218524078
2017-07-05,3147.0,3165.212896274657,2768.5252020952034,3583.2034706621785
2017-07-06,2550.0,2657.731458586569,2267.3304309053815,3045.350325735997
2017-07-07,2972.0,2900.8940606868023,2502.339425526197,3290.6796173602615
2017-07-08,2561.0,2789.357485606055,2397.2580207277865,3207.789936768645
2017-07-09,1140.0,1514.9751219691864,1137.6490902135638,1901.9914813709524
2017-07-10,2849.0,2830.432149196988,2420.3986812995704,3227.0768009168546
2017-07-11,2712.0,2832.036847622176,2446.3783390082804,3244.210643686243
2017-07-12,3185.0,3185.3816713061415,2791.390882681818,3568.607553493214
2017-07-13,2571.0,2678.411404068956,2277.9591274966338,3113.6234865546944
2017-07-14,3182.0,2921.037845257688,2552.287386202677,3305.3490719095166
2017-07-15,2297.0,2807.9141876995714,2434.11374177838,3207.1116225113637
2017-07-16,1028.0,1530.9201851382454,1152.5069666518482,1914.1107098147847
2017-07-17,2720.0,2842.7971611985326,2441.9890332309924,3263.5788498687493
2017-07-18,3370.0,2839.938290092097,2455.9279667185815,3206.328749567473
2017-07-19,3065.0,3188.0478010778943,2815.863710353734,3566.787661188295
2017-07-20,2592.0,2675.206466338434,2293.9578947950126,3025.889273482313
2017-07-21,2725.0,2911.4828818315355,2509.0867423437285,3307.0150133771967
2017-07-22,2576.0,2791.703789101956,2409.4159630318986,3187.7444542283843
2017-07-23,1371.0,1507.934641317194,1095.2527595775482,1893.982895197619
2017-07-24,2612.0,2813.109589079907,2420.9096990733333,3208.502038718173
2017-07-25,2405.0,2803.816453912537,2431.613735791811,3187.692863185211
2017-07-26,2878.0,3145.9504895932264,2766.1305030776043,3522.1267192216797
2017-07-27,2466.0,2627.774445326293,2243.3609573422477,3015.4728574313704
2017-07-28,2622.0,2859.5245964591218,2493.0159868249452,3283.392477476518
2017-07-29,2446.0,2736.1761440914765,2366.690763802306,3110.8260471762947
2017-07-30,1086.0,1449.9193330629666,1060.4571013830314,1844.8776885980108
2017-07-31,2966.0,2753.785598265409,2355.9293547270886,3138.5836962488124
2017-08-01,2872.0,2744.4294260337883,2382.053080391177,3139.8878705103475
2017-08-02,3247.0,3087.779830148254,2674.2728818244764,3478.5611613154992
2017-08-03,2177.0,2572.099033267465,2145.4770146530514,2965.8651355732095
2017-08-04,2778.0,2807.5880711635273,2407.6114762664292,3185.551198046993
2017-08-05,2034.0,2689.1527460696057,2282.4265571507594,3079.803489378631
2017-08-06,1025.0,1408.8812751093221,1057.2385264766356,1839.6956336035257
2017-08-07,2551.0,2719.672912557057,2324.1758804393676,3120.589924293746
2017-08-08,3062.0,2718.0231732891907,2324.6223417265765,3115.487372328423
2017-08-09,2719.0,3069.679471473018,2678.448036401869,3469.5803419178214
2017-08-10,2591.0,1949.5618769390444,1579.8885829016263,2369.4783393134435
2017-08-11,1270.0,1483.4200769842525,1109.8151431981587,1865.4733842678024
2017-08-12,1630.0,1864.6355519138015,1467.0565584888157,2272.823593421086
2017-08-13,952.0,1425.861397214504,1040.3336741668093,1852.0234816108884
2017-08-14,2407.0,2744.8070855615088,2371.656224030692,3177.124261795297
2017-08-15,2508.0,2750.6483829520284,2344.5713465164054,3141.526108956954
