date,actual,arima,sarima,sarimax
2017-05-18,2600.0,2616.4641754812596,2517.448381312688,2483.38456851164
2017-05-19,3077.0,2616.4050766033906,2988.267068353314,2882.5869163380053
2017-05-20,2573.0,2616.345979060406,2801.8202074327387,2752.9847008096667
2017-05-21,1205.0,2616.286882852276,1103.6341584455658,1078.027081671258
2017-05-22,2842.0,2616.22778797897,2481.4003210970786,2430.171449637197
2017-05-23,2665.0,2616.168694440458,2938.0283506248916,2837.3540265333877
2017-05-24,3574.0,2616.1096022367096,3174.1497418104755,3011.174024668907
2017-05-25,2505.0,2616.050511367695,2542.3524735687183,2458.758092261592
2017-05-26,1301.0,2615.991421833384,2990.1702806382477,2779.5269983348553
2017-05-27,2166.0,2615.932333633746,2806.0821031791543,2620.984879062429
2017-05-28,1258.0,2615.873246768752,1110.3760424164436,1088.2759658969508
2017-05-29,2666.0,2615.8141612383706,2482.6650668041966,2420.833898876011
2017-05-30,2497.0,2615.7550770425723,2941.2732134149296,2813.360510961432
2017-05-31,3262.0,2615.695994181327,3175.600041051691,2917.6597801708563
2017-06-01,2774.0,2615.636912654604,2543.1857809161756,2038.802200993014
2017-06-02,2953.0,2615.577832462374,2990.4313001091423,2798.4101783483457
2017-06-03,2996.0,2615.518753604606,2806.2867775295877,2640.972089285454
2017-06-04,1148.0,2615.4596760812706,1110.5682575555945,959.2716391006537
2017-06-05,3071.0,2615.400599892337,2482.72973640583,2388.243011071704
2017-06-06,3383.0,2615.3415250377757,2941.3542311776678,2791.7449961694097
2017-06-07,3353.0,2615.282451517556,3175.6392915251618,3099.0462031349784
2017-06-08,2902.0,2615.223379331648,2543.208294467708,2573.0908093175813
2017-06-09,3105.0,2615.164308480022,2990.4404102212175,2915.878606876732
2017-06-10,3106.0,2615.105238962647,2806.2929545808547,2811.9294901051508
2017-06-11,1352.0,2615.0461707794934,1110.5731025913083,1130.256163203956
2017-06-12,2601.0,2614.987103930531,2482.731716694266,2484.4179794398333
2017-06-13,2426.0,2614.9280384157296,2941.356132632449,2866.553891404827
2017-06-14,3812.25,2614.868974235059,3175.6402551997376,3205.9212198180708
2017-06-15,3189.0,2614.809911388489,2543.208846717922,2701.349429471791
2017-06-16,2991.0,2614.75084987599,2990.4406602739373,3012.0729614050742
2017-06-17,3016.0,2614.691789697531,2806.2931144636204,2790.5494499740776
2017-06-18,1223.0,2614.6327308530826,1110.5732169426124,1151.6321545105654
2017-06-19,3373.0,2614.5736733426143,2482.7317682810803,2505.7944890763542
2017-06-20,3812.25,2614.5146171660963,2941.356175562068,2909.308320006025
2017-06-21,2898.0,2614.4555623234983,3175.6402775885313,3366.251878063057
2017-06-22,2499.0,2614.3965088147897,2543.208859541086,2626.527990591584
2017-06-23,2663.0,2614.337456639941,2990.440666458335,3054.8277614650538
2017-06-24,2877.0,2614.278405798922,2806.293118295033,2854.6817992966758
2017-06-25,1264.0,2614.2193562917023,1110.57321953387,1237.1420271361503
2017-06-26,2812.0,2614.160308118252,2482.7317695217544,2484.416968257071
2017-06-27,2653.0,2614.1012612785407,2941.356176506071,2887.930815418282
2017-06-28,3003.0,2614.042215772539,3175.6402780906146,3077.655841713484
2017-06-29,2603.0,2613.983171600216,2543.208859828547,2658.594205488127
2017-06-30,2916.0,2613.9241287615414,2990.4406666026566,3193.7813942206817
2017-07-01,2871.0,2613.865087256486,2806.293118382711,2865.3705370110074
2017-07-02,1222.0,2613.8060470850187,1110.5732195909977,1301.2744736317895
2017-07-03,2952.0,2613.74700824711,2482.7317695502106,2601.9931228582136
2017-07-04,2759.0,2613.6879707427297,2941.356176526439,3037.573194984602
2017-07-05,3147.0,2613.6289345718474,3175.6402781016027,3366.2518604440365
2017-07-06,2550.0,2613.5698997344334,2543.2088598348364,2647.905463678884
2017-07-07,2972.0,2613.5108662304574,2990.4406666059026,2947.940340477225
2017-07-08,2561.0,2613.4518340598893,2806.293118384657,2747.794380843346
2017-07-09,1140.0,2613.3928032226986,1110.5732195922326,1012.6784542025823
2017-07-10,2849.0,2613.333773718856,2482.731769550843,2495.105708233038
2017-07-11,2712.0,2613.2747455483304,2941.3561765268723,2898.619556009099
2017-07-12,3185.0,2613.2157187110924,3175.640278101839,3141.7882898197595
2017-07-13,2571.0,2613.1566932071114,2543.2088598349715,2530.3293076362893
2017-07-14,3182.0,2613.0976690363577,2990.440666605974,3065.5164964987734
2017-07-15,2297.0,2613.038646198801,2806.2931183846995,2726.4168979238407
2017-07-16,1028.0,2612.979624694411,1110.573219592259,1140.9433516865301
2017-07-17,2720.0,2612.920604523158,2482.731769550857,2559.238156974622
2017-07-18,3370.0,2612.861585685012,2941.3561765268814,2973.4407462086983
2017-07-19,3065.0,2612.802568179942,3175.640278101844,3323.4968945922174
2017-07-20,2592.0,2612.743552007919,2543.208859834974,2712.0379124090673
2017-07-21,2725.0,2612.684537168912,2990.4406666059754,3097.582720870229
2017-07-22,2576.0,2612.6255236628913,2806.2931183847004,2961.5692099831504
2017-07-23,1371.0,2612.566511489827,1110.5732195922594,1205.0758004299173
2017-07-24,2612.0,2612.5075006496886,2482.7317695508573,2591.304381346302
2017-07-25,2405.0,2612.448491142446,2941.3561765268814,3069.6394193239025
2017-07-26,2878.0,2612.3894829680694,3175.640278101844,3248.675704391443
2017-07-27,2466.0,2612.3304761265285,2543.208859834974,2605.1504978365556
2017-07-28,2622.0,2612.271470617793,2990.4406666059754,2915.8741160969766
2017-07-29,2446.0,2612.2124664418334,2806.2931183847004,2833.3043124961496
2017-07-30,1086.0,2612.153463598619,1110.5732195922594,1173.0095760581648
2017-07-31,2966.0,2612.09446208812,2482.7317695508573,2580.61563988905
2017-08-01,2872.0,2612.035461910306,2941.3561765268814,2877.24207309341
2017-08-02,3247.0,2611.976463065147,3175.640278101844,3131.099548361698
2017-08-03,2177.0,2611.917465552613,2543.208859834974,2337.9319614053175
2017-08-04,2778.0,2611.858469372674,2990.4406666059754,2819.675442981731
2017-08-05,2034.0,2611.7994745252995,2806.2931183847004,2576.7745175221617
2017-08-06,1025.0,2611.74048101046,1110.5732195922594,1034.0559371139211
2017-08-07,2551.0,2611.681488828125,2482.7317695508573,2473.7282253165545
2017-08-08,3062.0,2611.6224979782646,2941.3561765268814,2770.354658520915
2017-08-09,2719.0,2611.5635084608484,3175.640278101844,3002.8346508747036
2017-08-10,2591.0,2611.5045202758465,2543.208859834974,2359.3094443198165
2017-08-11,1270.0,2611.445533423229,2990.4406666059754,2702.0992869519864
2017-08-12,1630.0,2611.3865479029655,2806.2931183847004,2566.085776064912
2017-08-13,952.0,2611.327563715026,1110.5732195922594,927.168522541426
2017-08-14,2407.0,2611.2685808593806,2482.7317695508573,2324.0858449150614
2017-08-15,2508.0,2611.209599335999,2941.3561765268814,2706.222209777418
